Sex,miles driven,Age,Citations
F,4200.82639,18,0
F,5468.727014,17,0
F,5282.253745,18,0
F,5060.526521,17,0
F,5101.878224,16,2
F,5291.577415,16,0
F,6623.14811,17,0
F,5214.484992,19,0
F,6088.845737,16,0
F,5388.064617,17,0
F,4504.085306,16,0
F,6371.661758,19,0
F,5322.110665,17,0
F,5058.003776,18,0
F,5815.581026,17,1
F,6378.249599,18,2
F,4719.407499,18,0
F,5447.829679,16,0
F,4560.958825,16,0
F,5036.500979,18,0
F,4510.53482,16,1
F,5801.440952,19,1
F,6230.733979,16,0
F,6223.752615,18,0
F,5362.494206,17,3
F,5573.43241,18,0
F,4809.699516,19,2
F,5226.337998,18,0
F,4948.943825,17,0
F,5393.665171,19,1
F,5381.722011,16,0
F,5578.666546,17,0
F,5043.198546,19,1
F,5811.322132,16,0
F,5532.895641,19,1
F,4613.373117,18,1
F,5036.249624,19,1
F,4717.505517,18,3
F,5590.417782,17,0
F,5043.67863,18,0
F,4433.355743,18,0
F,5629.090595,17,3
F,5865.979981,16,0
F,5119.353884,18,1
F,5641.740879,17,0
F,5096.610615,18,0
F,6267.320472,18,0
F,5438.610623,19,0
F,5189.453497,19,0
F,5283.997482,18,0
F,4244.55514,19,0
F,4828.892531,18,0
F,5360.562666,19,0
F,5048.022197,16,0
F,4772.152893,19,0
F,4948.380148,18,0
F,5004.773535,16,0
F,5262.78391,17,2
F,5710.403065,17,0
F,5641.702193,16,0
F,5035.754505,16,2
F,5272.347287,17,1
F,4140.060111,19,0
F,4801.630234,17,1
F,5431.520452,19,2
F,4869.17558,18,3
F,5113.383149,17,0
F,4468.109301,19,0
F,4973.332393,17,0
F,5517.201978,18,1
F,4633.809832,16,0
F,6247.435918,18,1
F,4498.755767,17,0
F,5957.797408,18,1
F,4595.969387,19,0
F,4680.093162,16,0
F,5190.084933,17,0
F,5423.734505,18,0
F,5320.325194,16,0
F,5175.712865,17,3
F,4914.872099,19,0
F,5604.642419,16,0
F,6059.514719,18,0
F,5684.295245,17,0
F,5484.423154,16,0
F,4761.282852,18,3
F,5060.292547,16,0
F,5456.09184,18,0
F,4995.925853,19,0
F,5489.597126,18,0
F,5642.763261,18,1
F,4666.790291,18,1
F,5549.95279,18,0
F,5712.397867,16,0
F,5914.830425,18,1
F,4941.919409,19,0
F,5301.482936,19,1
F,5292.872306,16,0
F,4919.393007,16,0
F,6536.310959,18,0
F,5294.418291,19,0
F,4532.839814,18,0
F,4953.60842,16,0
F,4840.601481,17,1
F,5952.12707,19,0
F,4767.600912,18,0
F,4498.937102,19,0
F,5217.703736,17,1
F,5028.464592,17,0
F,5743.185074,18,0
F,4468.017818,17,0
F,5177.897866,18,3
F,5581.67857,17,0
F,5603.619722,18,0
F,4667.081121,18,2
F,5522.83546,16,0
F,3914.773696,17,0
F,5183.875837,18,0
F,5580.55895,17,0
F,5053.400089,17,1
F,4701.247995,17,0
F,4827.804118,18,0
F,5133.011315,16,0
F,4549.268105,18,1
F,4770.869309,18,0
F,5030.448194,18,0
F,5410.680333,18,0
F,4635.795915,19,2
F,5123.809479,18,0
F,6195.98037,19,0
F,5690.50323,17,0
F,4464.70056,18,0
F,4737.620115,18,0
F,4837.224359,18,0
F,4650.50562,19,0
F,4892.708901,16,0
F,4995.411718,18,0
F,5021.93474,16,1
F,4866.773498,17,0
F,5313.767376,18,0
F,4548.576506,18,0
F,5471.186836,18,0
F,4858.756728,16,1
F,5284.908352,17,0
F,4645.561043,17,0
F,5227.666931,16,0
F,6356.145542,19,0
F,4728.7826,19,0
F,5022.527386,19,0
F,4399.703629,17,0
F,6136.861497,16,0
F,5103.5907,19,2
F,5375.39679,19,0
F,5793.583216,17,0
F,4461.689319,17,0
F,4892.89645,19,0
F,5634.894219,19,0
F,4521.246735,17,1
F,4581.772207,17,0
F,5552.120125,16,0
F,5294.63198,18,0
F,6259.082657,17,1
F,5118.392544,18,3
F,4645.382516,18,0
F,5978.096067,16,0
F,5419.564722,18,2
F,5699.01646,19,0
F,5630.092042,19,0
F,5407.701215,19,0
F,6300.352324,16,0
F,4885.373181,16,0
F,5048.423508,18,0
F,5959.100745,16,0
F,5151.220977,16,0
F,6006.985764,16,1
F,5069.898301,17,0
F,5908.708757,16,0
F,5264.006651,17,0
F,5791.562012,18,0
F,4907.882125,19,0
F,4786.370511,19,0
F,5686.398121,19,2
F,4765.511501,18,0
F,5407.421092,19,0
F,5644.916333,17,0
F,4952.041682,18,2
F,5354.951851,16,0
F,4766.762248,16,2
F,4619.346252,19,0
F,5470.881731,17,1
F,5109.968558,17,0
F,4337.547339,19,0
F,5073.027893,19,0
F,4401.210494,19,0
F,4848.146955,16,0
F,4566.543498,19,0
F,4626.333609,19,2
F,5339.054237,16,0
F,6139.936405,17,0
F,4966.285293,19,0
F,5877.473178,16,3
F,4253.144661,17,0
F,5587.85051,19,2
F,5602.898193,18,0
F,5971.207833,18,1
F,4800.855785,17,0
F,5443.98872,18,0
F,5396.569941,18,0
F,4925.832794,19,0
F,4882.256912,17,2
F,4983.313313,18,1
F,6039.463695,16,0
F,5733.257057,19,0
F,5711.961859,16,0
F,5738.482461,17,0
F,5264.988813,16,2
F,5427.451831,16,1
F,4993.930695,19,0
F,5076.748621,19,0
F,5118.887691,18,0
F,5185.041677,19,1
F,5829.630705,16,0
F,5360.837202,16,1
F,4998.301149,18,2
F,5676.871199,18,1
F,4797.612933,19,0
F,5749.917175,18,0
F,4880.202746,17,0
F,5184.620386,17,2
F,5196.34759,17,0
F,5440.333341,17,1
F,5050.875065,18,0
F,5412.741852,17,1
F,5230.718606,18,0
F,5722.672953,18,1
F,5370.166655,16,0
F,5351.760891,19,0
F,4580.278346,19,0
F,5014.451943,18,1
F,5787.06613,19,0
F,5358.248136,17,2
F,4497.918047,19,0
F,5178.467035,19,2
F,4704.685946,17,0
F,5664.96634,18,0
F,4998.120311,16,0
F,6225.658207,16,0
F,4978.743882,19,0
F,5270.230423,19,0
F,5047.293691,19,0
F,4452.407885,17,0
F,4545.210889,19,0
F,5395.28815,19,0
F,4569.972243,19,1
F,5726.399599,16,0
F,5058.572384,17,0
F,4851.27753,16,0
F,4371.348292,18,2
F,4833.667508,17,1
F,5361.765857,18,0
F,5344.299536,16,0
F,5129.658107,18,0
F,6273.935776,17,1
F,5370.668944,17,0
F,5020.649856,19,1
F,4676.777748,19,0
F,4907.616869,17,0
F,4921.790059,19,0
F,4908.667505,16,1
F,4976.272856,17,0
F,5404.014788,17,0
F,4972.578149,17,0
F,5193.874406,19,0
F,5051.693337,19,0
F,5047.065905,19,3
F,4433.720246,16,0
F,5670.8159,17,0
F,6282.201614,17,1
F,5664.012681,19,0
F,5738.581854,19,1
F,4426.048485,18,0
F,5400.996643,17,0
F,5327.88909,18,0
F,5588.151239,16,0
F,4802.31436,19,1
F,5046.936422,19,0
F,5348.198424,16,0
F,5352.291252,17,0
F,3787.331216,17,0
F,5772.788385,19,1
F,5054.8789,18,0
F,5399.073893,19,0
F,4957.97245,17,0
F,5169.611644,18,2
F,5791.669009,18,0
F,4817.961457,19,0
F,4311.644469,17,0
F,4541.077627,19,0
F,5324.969357,16,0
F,5603.010089,17,0
F,5173.303571,17,0
F,5281.25738,18,0
F,5084.831742,17,0
F,4278.28983,16,1
F,5112.362425,17,0
F,4894.482726,16,0
F,4939.036784,16,1
F,4358.798275,19,0
F,5655.062235,17,0
F,6686.089164,17,0
F,5568.965859,16,3
F,5615.776758,18,0
F,4782.302803,17,3
F,5191.835425,19,0
F,4365.0348,18,0
F,4515.346156,17,2
F,4618.419916,17,0
F,5817.036132,18,0
F,4478.932021,16,2
F,4767.080999,19,0
F,4820.281077,17,0
F,5297.546996,19,0
F,5276.091943,19,1
F,4702.983509,19,1
F,5397.95909,18,0
F,4989.114591,16,1
F,5203.160072,16,1
F,5052.947849,17,1
F,6267.628491,16,0
F,5392.166442,19,2
F,5596.258715,17,0
F,5292.929297,16,0
F,5083.55944,16,1
F,5045.516848,17,0
F,5890.186146,19,0
F,4915.586916,18,0
F,6013.734766,19,0
F,5641.983926,18,0
F,4992.311852,18,0
F,5247.43153,17,0
F,5428.337603,19,0
F,4908.039747,18,0
F,4942.786894,17,0
F,4851.557102,19,0
F,5420.38649,17,0
F,5552.856644,19,0
F,5376.266691,18,0
F,4883.248275,16,0
F,4902.019686,16,1
F,4760.396123,16,0
F,5096.667235,18,1
F,4614.582746,18,0
F,5547.624405,16,0
F,4513.515954,16,2
F,5270.531155,17,1
F,5202.244628,17,1
F,5126.558731,17,1
F,5141.944557,18,0
F,5197.723539,17,0
F,6051.519147,16,0
F,4965.936441,17,1
F,5876.360283,18,0
F,5432.473119,16,0
F,5442.679042,17,0
F,5659.783644,16,0
F,6050.261364,18,0
F,6207.985655,17,1
F,5194.573197,18,0
F,5771.810187,16,0
F,5737.819885,16,0
F,5511.083237,16,0
F,4376.025704,16,1
F,6443.73244,19,0
F,4995.339722,18,0
F,5479.309756,16,1
F,4825.827183,16,1
F,4431.18363,18,0
F,5466.809106,17,2
F,5519.346104,17,0
F,4207.366339,16,0
F,5342.809081,16,0
F,5062.155823,16,0
F,4908.227347,17,0
F,4775.343641,17,0
F,6566.867984,17,0
F,5889.771509,19,0
F,5158.453036,17,2
F,5613.305884,18,0
F,5746.885461,17,0
F,6437.675864,16,0
F,4998.7883,18,0
F,4892.594571,19,0
F,5555.344068,19,3
F,5265.950557,17,0
F,5510.413943,17,0
F,4690.943802,17,0
F,4426.012194,16,0
F,5336.184946,18,2
F,5132.118124,18,0
F,4355.858062,17,0
F,4561.925253,17,0
F,5283.35366,17,1
F,4461.488863,19,0
F,5094.265548,16,0
F,4875.462947,17,0
F,6123.040695,17,1
F,5088.832745,17,0
F,5103.748978,19,0
F,4673.531762,18,0
F,5720.717434,17,0
F,4094.975809,17,0
F,4727.254964,19,0
F,5747.164961,19,0
F,5088.284691,19,3
F,5955.615774,18,0
F,5797.434205,18,0
F,4361.904094,16,1
F,5863.908905,17,0
F,4521.970209,17,0
F,5467.001621,16,0
F,5814.658791,18,0
F,5502.956056,17,0
F,5511.497288,17,0
F,5650.614338,19,0
F,4676.894782,16,0
F,4909.21774,18,2
F,5239.579637,16,0
F,5182.91078,19,2
F,5374.391135,17,0
F,4553.146409,19,3
F,5070.87177,18,0
F,4493.71248,18,0
F,5091.915139,16,0
F,4816.988213,16,0
F,5786.108592,18,0
F,5771.820953,16,0
F,5550.042638,18,2
F,5518.793528,17,0
F,4983.733444,19,0
F,4927.495484,19,0
F,4842.560667,18,0
F,4324.810926,17,0
F,4918.950721,19,0
F,4606.672088,16,0
F,5222.577286,17,0
F,4819.212935,18,0
F,5161.867165,16,0
F,5936.450612,16,0
F,5408.245001,18,0
F,5719.621817,18,0
F,5443.489887,19,0
F,5630.283098,17,0
F,5835.844476,16,2
F,5510.093002,16,0
F,5742.192972,19,0
F,5661.310217,16,2
F,4872.057529,16,1
F,5356.877705,18,0
F,5956.44257,16,0
F,5158.359694,17,0
F,5153.370181,19,0
F,4959.769837,17,3
F,4871.27778,19,0
F,4957.97063,18,0
F,6391.811354,19,0
F,4920.130877,16,0
F,5277.129519,16,0
F,4776.032135,17,0
F,4782.340754,18,0
F,6570.436942,18,0
F,6112.780437,16,0
F,5785.38343,17,0
F,4278.935382,16,0
F,4745.475748,18,0
F,4579.863168,16,0
F,5453.927563,17,1
F,5365.65006,18,0
F,5482.532161,17,3
F,4069.436504,17,1
F,6002.547154,16,1
F,6003.933861,17,0
F,5371.135103,16,0
F,3487.315313,16,0
F,5589.960383,16,2
F,5240.006958,18,1
F,5452.248611,16,0
F,4759.573649,19,0
F,4932.034159,19,0
F,4607.299252,17,0
F,5314.343001,18,0
F,4629.779277,19,0
F,4861.406035,18,0
F,5518.963285,17,1
F,5169.47834,18,0
F,5553.628699,19,1
F,5130.639877,17,1
F,5163.479716,19,0
F,5502.588746,16,0
F,6148.581317,17,0
F,4891.60681,16,0
F,4248.680824,18,2
F,4840.431956,16,0
F,5492.480865,17,1
F,5188.317947,18,0
F,4855.850643,17,0
F,5684.281129,17,0
F,4676.212663,19,0
F,5201.142121,19,1
F,4972.883033,17,0
F,4782.143426,19,0
F,4667.842068,18,0
F,5721.978249,17,0
F,5514.301337,18,0
F,5629.613411,18,2
F,4632.608722,19,1
F,4750.563567,18,0
F,4830.045889,17,0
F,4510.252111,16,0
F,5064.298748,19,0
F,4907.211325,17,0
F,5387.293917,17,0
F,4415.847367,17,0
F,4804.284204,19,0
F,5279.658248,16,0
F,5010.858095,16,0
F,4468.683156,17,0
F,4744.356797,17,2
F,5199.207031,17,2
F,5075.356159,19,0
F,4922.096044,19,0
F,4763.258813,18,1
F,5439.260512,16,0
F,5099.986917,17,1
F,6005.62262,19,0
F,5246.521944,18,0
F,4950.86757,19,0
F,5554.237345,18,0
F,4535.531835,17,0
F,5278.907679,19,0
F,5592.630954,19,0
F,5811.862093,18,0
F,5316.309704,19,0
F,5318.157277,18,0
F,5225.196813,17,1
F,5475.067498,16,0
F,5207.471269,17,0
F,4363.072151,18,0
F,5131.195292,18,1
F,5273.359863,18,0
F,4246.589223,16,0
F,5771.546285,18,0
F,4556.067056,19,0
F,5220.929846,19,0
F,5036.970409,16,0
F,5668.15013,17,0
F,5185.297946,19,2
F,5268.915896,18,1
F,5178.28804,17,0
F,4857.412185,18,0
F,5713.155389,19,0
F,5450.50143,16,0
F,5475.925817,17,2
F,5182.673278,19,0
F,5626.038741,19,1
F,6422.813886,19,0
F,5949.90035,19,2
F,4935.478551,19,0
F,6001.410793,19,0
F,4931.051579,16,1
F,4872.777289,18,1
F,5539.080244,19,0
F,5033.814452,18,0
F,7084.537791,17,0
F,4584.028729,17,0
F,4822.124009,18,0
F,4538.251233,18,0
F,5492.226696,19,1
F,5274.399767,18,0
F,4904.66533,16,2
F,5433.299577,19,0
F,5057.807823,19,0
F,5203.60764,17,2
F,5551.364372,18,0
F,6033.033843,16,1
F,4977.010271,17,0
F,5358.871462,17,0
F,5546.456971,16,0
F,5471.307042,17,0
F,5801.970225,18,0
F,3378.479359,17,0
F,4608.17228,18,0
F,6024.63598,19,1
F,4983.755479,18,0
F,4894.638886,19,0
F,5240.603948,18,0
F,5375.690887,19,0
F,4811.564718,17,0
F,5456.605519,16,3
F,4920.380925,17,0
F,4256.952453,16,0
F,5755.693495,16,0
F,5969.646145,18,0
F,4675.351661,16,3
F,5361.56262,19,0
F,5262.696829,19,0
F,4557.344498,18,0
F,5235.210402,17,0
F,5114.814966,17,0
F,5045.300109,18,1
F,5465.980953,16,0
F,5051.200802,19,0
F,5416.164791,17,0
F,5086.963276,17,0
F,5322.411371,18,3
F,4718.669155,19,1
F,5342.527192,18,1
F,4474.430754,16,0
F,5243.921293,16,0
F,5870.668932,18,0
F,5354.691407,18,0
F,5101.818132,17,0
F,4985.623339,18,0
F,5301.561746,18,0
F,4495.4581,19,0
F,4948.997594,19,0
F,5120.270668,16,0
F,5276.229431,19,0
F,5116.113295,19,0
F,5634.555021,17,0
F,4666.503798,16,1
F,5467.910858,17,2
F,5236.018169,18,0
F,5814.713354,17,0
F,5416.968304,19,0
F,5191.664047,16,1
F,6002.250535,19,0
F,4136.861189,19,0
F,6674.313872,18,3
F,5844.907357,16,0
F,5636.812339,19,0
F,4958.08041,18,0
F,4977.615859,18,0
F,4877.427046,16,0
F,4293.279601,16,0
F,4982.362244,16,0
F,4743.102482,17,3
F,5042.432839,16,0
F,4516.714212,19,0
F,5361.270903,19,0
F,4862.58104,19,0
F,5224.010034,18,0
F,6170.902549,18,2
F,6022.570215,19,1
F,4344.482841,19,0
F,4841.610022,16,0
F,5973.482047,18,0
F,4197.65414,18,0
F,5141.772996,18,3
F,5056.763742,17,2
F,5842.208352,17,1
F,5191.569239,18,1
F,5791.816245,17,0
F,4415.210402,17,3
F,5303.414683,17,1
F,3968.111171,19,1
F,4690.897717,18,0
F,5769.521686,18,0
F,5479.435594,17,0
F,4292.607114,16,0
F,4962.82854,18,2
F,5113.428231,17,0
F,4520.348561,18,0
F,3688.424972,18,0
F,5340.003538,19,0
F,4838.516131,18,0
F,5132.70813,18,0
F,5521.543812,19,2
F,4807.42175,19,2
F,5735.386956,18,0
F,5490.183687,17,2
F,5430.365791,18,0
F,4184.427129,17,1
F,4932.575983,19,1
F,5572.933693,18,2
F,5190.121897,18,0
F,5315.488408,16,0
F,4867.966566,18,1
F,4570.385108,16,0
F,6713.829168,17,1
F,5855.103883,17,1
F,4943.889205,18,0
F,5169.607635,17,0
F,4036.972119,16,1
F,5861.311316,18,0
F,6344.450928,16,0
F,4066.776455,16,0
F,5528.475806,18,0
F,6063.534957,17,2
F,5667.411309,19,2
F,4361.407704,16,0
F,4529.456268,17,0
F,4953.076727,17,0
F,5345.168166,16,0
F,4310.080452,19,0
F,5284.760861,19,1
F,5442.999312,17,0
F,5574.304778,19,0
F,4735.658013,16,0
F,5240.24511,16,0
F,5253.554025,18,0
F,5189.257052,18,0
F,5505.777227,16,0
F,5698.360237,16,0
F,5170.806616,16,1
F,5109.744913,16,2
F,5085.265459,16,0
F,5004.087616,16,0
F,4381.410897,19,0
F,5834.129566,17,0
F,4480.367604,18,0
F,4763.414357,18,1
F,5379.703714,17,1
F,5681.271719,18,0
F,6033.263186,19,0
F,4931.640824,17,2
F,5733.095069,18,0
F,5060.66837,18,1
F,5568.018223,16,0
F,5038.218332,19,0
F,4215.097017,17,0
F,5272.910588,16,0
F,5394.067354,18,0
F,5643.221107,16,0
F,5172.250435,18,1
F,4716.629494,19,1
F,5131.644815,19,0
F,6425.657333,19,0
F,5872.678836,18,0
F,4752.417644,18,2
F,5079.535305,17,0
F,5386.862387,19,0
F,5411.061308,19,0
F,4888.698969,17,0
F,4976.690512,17,0
F,5429.325187,17,0
F,5205.328299,18,0
F,4547.996773,18,1
F,5147.469721,16,0
F,5658.71075,17,2
F,5937.196537,16,0
F,5403.45849,19,0
F,5896.529549,18,0
F,5897.491759,18,0
F,5503.840954,18,0
F,4716.386923,18,1
F,5750.972556,16,0
F,5443.238831,18,0
F,5550.787414,16,2
F,5168.948006,18,0
F,4943.020976,18,0
F,5996.750562,16,0
F,5340.87117,19,0
F,5051.038279,17,0
F,5420.694362,16,0
F,5996.118548,19,2
F,5270.196373,18,0
F,5922.455859,18,0
F,5850.457415,17,0
F,4839.455431,19,0
F,5278.232778,17,0
F,6021.552979,18,0
F,5323.281513,19,0
F,5265.727322,17,2
F,5673.922092,18,0
F,6425.994342,17,0
F,4761.170945,18,0
F,5536.468623,16,0
F,5908.439228,19,0
F,5518.644592,19,0
F,5024.964368,18,1
F,4334.946029,17,1
F,5279.022186,17,0
F,5664.056953,18,0
F,4901.029269,18,0
F,5203.771461,18,3
F,6210.818184,18,1
F,5290.93921,19,0
F,5121.762088,17,0
F,5587.115166,18,1
F,4404.262566,16,0
F,5530.557208,18,0
F,5077.076319,19,0
F,5732.039007,18,2
F,6548.217926,17,0
F,5596.014217,18,2
F,5189.182608,18,0
F,4899.604529,18,0
F,5790.163942,17,1
F,4458.592792,19,0
F,4854.163297,16,0
F,5107.9292,17,1
F,6579.061955,17,0
F,5912.502127,18,0
F,5056.493476,16,1
F,6072.396161,18,0
F,5133.66908,19,2
F,5298.995941,17,0
F,5476.347875,17,0
F,5668.510664,18,0
F,5457.533381,17,0
F,5424.703078,19,0
F,6043.322391,16,0
F,5511.342807,18,0
F,4565.600548,18,0
F,4300.9719,16,0
F,4340.797847,19,0
F,4309.208158,19,0
F,5131.510924,16,0
F,4765.353634,18,0
F,4166.84507,19,0
F,5543.300609,16,0
F,4693.993808,19,0
F,5267.884118,18,0
F,5112.540804,17,1
F,5298.788407,16,1
F,4958.693284,17,0
F,4839.129585,18,0
F,5314.013746,16,0
F,4828.027901,18,0
F,5825.440754,18,0
F,5379.786489,16,0
F,4004.650452,18,0
F,5324.396741,17,0
F,4568.289528,17,1
F,6234.009198,18,0
F,5363.091473,18,2
F,4788.448136,16,2
F,4347.523272,19,0
F,5824.232045,18,0
F,5201.288771,16,0
F,4962.830454,16,0
F,5493.575225,16,0
F,5325.957137,17,0
F,4914.125646,17,0
F,4404.308328,17,2
F,4421.013326,16,0
F,4708.498661,19,0
F,4827.976725,19,2
F,4811.867449,16,0
F,5414.754273,19,0
F,6363.784136,19,0
F,5649.986758,16,0
F,4692.446439,16,1
F,5125.620919,19,1
F,5659.188961,18,1
F,4833.72624,19,0
F,5764.449735,16,1
F,5280.18474,17,0
F,5643.656958,17,0
F,4383.15808,19,0
F,5809.24361,16,0
F,5314.514842,16,0
F,5154.619834,19,0
F,5557.421347,16,0
F,5273.078819,16,0
F,5560.705063,17,0
F,4762.796478,17,1
F,4906.940584,17,1
F,5182.457708,19,3
F,4995.523834,18,0
F,5190.97463,16,0
F,5230.367575,18,0
F,5152.057456,18,0
F,4453.754729,17,0
F,4495.401235,16,0
F,5145.467408,17,2
F,4982.645488,19,0
F,5235.099533,18,0
F,4567.40155,19,0
F,4617.053726,16,0
F,4355.723046,17,1
F,5940.837244,19,0
F,4652.09367,17,0
F,4373.590068,16,2
F,5169.084809,19,1
F,5235.356141,19,0
F,4846.936544,17,0
F,6252.778425,16,0
F,5221.902879,17,2
F,4920.637629,19,0
F,4753.169777,18,1
F,5889.554545,18,0
F,4896.567513,16,0
F,4594.410168,19,0
F,6132.281424,18,0
F,5301.955918,17,2
F,5103.435247,19,0
F,5701.294655,17,0
F,6318.312509,17,0
F,5634.270482,19,0
F,5084.344487,16,0
F,5565.769255,18,0
F,4964.298378,18,1
F,5396.305075,16,0
F,5895.360438,16,0
F,6046.067594,19,0
F,4759.794605,16,0
F,5527.907791,16,0
F,5509.593853,19,1
F,5225.3917,18,0
F,4796.197574,17,0
F,5109.356219,18,0
F,4827.370962,18,3
F,5235.404819,16,1
F,5485.987725,19,1
F,4719.919485,16,0
F,6130.598524,18,2
F,4358.321006,16,0
F,5001.949773,19,0
F,5436.472101,19,2
F,5040.235149,19,0
F,4842.238967,19,1
F,5489.474265,17,1
F,4757.409534,18,0
F,5360.624882,18,0
F,5086.834285,16,1
F,5426.627322,18,0
F,5466.118416,19,2
F,5908.728414,17,1
F,5541.770157,19,0
F,5408.96815,18,2
F,4392.577687,18,0
F,4220.545331,18,0
F,4557.728855,18,0
F,5739.829226,17,2
F,5077.32245,19,0
F,5046.721952,16,0
F,4821.423446,16,1
F,5228.025382,18,1
F,5051.833519,18,0
F,5143.159503,19,0
F,4588.635543,17,0
F,5549.944381,16,0
F,5547.158333,17,0
F,5101.490119,19,0
F,5269.910566,17,0
F,5438.211949,16,2
F,4794.390346,19,0
F,5721.407179,17,0
F,5056.355833,19,0
F,5678.308545,16,3
F,5596.125065,18,0
F,5285.813314,17,0
F,5059.411487,17,1
F,5464.764684,19,0
F,5803.136522,19,1
F,5352.55238,16,3
F,4790.832362,17,0
F,6239.648478,19,0
F,4977.681324,18,0
F,5760.096134,16,0
F,5444.620346,18,0
F,5075.879527,16,2
F,5106.360879,17,0
F,5618.839509,18,0
F,5285.357929,19,0
F,5834.177765,17,0
F,5687.508323,16,0
F,4774.997086,16,0
F,5535.821654,19,1
F,5220.313276,19,0
F,5808.183975,16,0
F,5075.425877,17,0
F,4694.03792,18,0
F,5200.737025,18,0
F,5300.370396,18,0
F,5842.080491,16,0
F,4846.609266,19,0
F,5712.50869,17,0
F,5722.839181,19,1
F,5318.81431,16,0
F,5156.716993,16,0
F,5303.011397,17,0
F,6148.881509,16,0
F,5330.949824,18,1
F,5180.718457,19,0
F,5204.979837,17,0
F,5506.831626,17,0
F,5650.295021,16,1
F,5291.561322,17,0
F,5410.613275,17,0
F,6132.750015,16,0
F,6448.505714,19,0
F,5394.581819,18,0
F,5145.514046,19,0
F,3569.173631,18,0
F,5613.059935,18,0
F,5058.066326,19,0
F,6434.587152,19,0
F,4248.008166,19,0
M,8501.136222,18,1
M,9308.571517,19,1
M,8206.708434,16,1
M,8263.215354,18,1
M,8519.266448,16,1
M,9601.677244,17,1
M,9202.642428,19,1
M,7801.853702,19,1
M,9229.630588,18,1
M,8479.224238,19,1
M,7982.41975,17,0
M,8881.756906,18,3
M,8566.414521,18,0
M,7118.158103,17,0
M,8656.107594,18,0
M,8751.09466,19,0
M,8133.160381,18,0
M,8515.017204,17,1
M,8292.296567,18,1
M,8665.99793,19,2
M,8713.69392,18,0
M,8027.980404,19,0
M,8627.080281,19,0
M,8628.257841,18,0
M,9056.204738,19,0
M,9164.568142,19,3
M,8346.168838,18,0
M,8772.23994,19,1
M,9156.291041,16,0
M,8760.962665,19,0
M,9203.343253,17,0
M,8828.776568,16,0
M,9018.069754,16,0
M,7589.574871,17,0
M,8874.117681,19,1
M,9097.923281,16,0
M,9491.852668,16,2
M,8949.833288,19,0
M,8119.126555,16,0
M,8548.68736,17,0
M,7921.002594,19,0
M,8665.604066,18,0
M,9025.721734,19,1
M,8433.944546,18,0
M,8157.941444,18,0
M,8559.091857,16,0
M,9040.358971,16,2
M,7604.287216,18,0
M,7898.614794,16,0
M,8309.248058,17,1
M,8097.844648,17,0
M,9185.282649,19,0
M,8343.837352,19,0
M,9149.680361,18,1
M,9027.873132,19,1
M,8665.404611,19,2
M,9324.006963,18,1
M,8838.855821,19,0
M,8093.165017,16,0
M,8003.98909,19,0
M,8790.344199,17,0
M,8494.376164,16,0
M,7791.13951,16,0
M,9481.835026,17,1
M,7896.565567,16,0
M,8514.48894,16,2
M,7460.51242,17,1
M,7654.884556,19,0
M,8600.494474,19,0
M,8578.359535,17,0
M,8440.046714,17,0
M,8388.043649,16,0
M,9090.588999,16,1
M,7229.382842,19,0
M,8377.098618,17,0
M,8136.395271,18,3
M,8974.652871,16,0
M,7479.723429,16,0
M,8295.602995,17,0
M,9469.272445,19,1
M,8287.00095,19,1
M,8692.431445,16,0
M,9243.620518,19,0
M,7275.754456,16,0
M,8984.429443,16,2
M,8157.075495,17,2
M,7497.07676,16,0
M,8180.741638,18,0
M,8178.089906,18,0
M,9080.398838,17,0
M,9031.579656,18,0
M,7999.728168,17,0
M,7976.305906,17,0
M,8377.806624,18,2
M,8772.556834,18,0
M,8947.116515,16,1
M,8872.262875,19,0
M,8212.134703,16,0
M,7777.271156,18,0
M,9444.979458,18,0
M,8887.079735,18,0
M,8050.305913,18,0
M,9064.55477,16,1
M,9141.566259,17,0
M,8191.548242,17,0
M,8826.510431,19,0
M,7362.37364,19,0
M,8917.290174,17,0
M,8957.741149,18,0
M,7914.048688,17,1
M,8301.118668,19,1
M,7972.520706,16,0
M,9010.798691,19,0
M,9354.762225,18,0
M,7512.897312,17,0
M,8729.629376,19,1
M,8398.506137,18,0
M,8196.805234,16,0
M,7896.436349,16,1
M,8967.9403,18,1
M,8418.691936,19,1
M,8048.064633,16,2
M,9562.631156,17,0
M,8980.204383,17,0
M,8478.672457,16,1
M,8995.580529,16,0
M,8222.640848,17,0
M,9576.253534,17,1
M,8334.671699,17,3
M,8499.521296,19,1
M,9274.356487,19,0
M,8367.300861,19,1
M,7875.708803,18,1
M,8457.817174,18,0
M,8937.678105,18,0
M,8362.800222,19,1
M,8508.138395,19,1
M,8730.836796,18,1
M,9399.720309,16,0
M,9388.434667,18,0
M,7900.849834,17,2
M,8417.912,19,0
M,8151.19963,16,0
M,7999.358647,19,1
M,8820.241392,16,2
M,8318.965613,16,0
M,8789.969463,19,0
M,10091.41315,18,0
M,7073.826863,17,0
M,8261.406565,19,0
M,9612.917914,17,1
M,8663.855035,19,0
M,7277.031955,19,0
M,9354.666175,18,0
M,8533.216255,18,2
M,8357.83022,17,0
M,8373.389544,19,1
M,8773.202514,18,2
M,7970.423499,19,0
M,9537.87881,17,0
M,7926.921304,18,0
M,9193.142103,16,1
M,9134.451837,17,0
M,8192.829699,18,1
M,8088.059171,17,2
M,7953.027519,17,0
M,8911.456439,17,0
M,8379.42384,19,0
M,8838.887544,18,0
M,9393.59238,16,1
M,8788.98638,18,1
M,8956.814636,19,0
M,9017.219405,16,0
M,9343.797465,19,2
M,8911.059644,17,0
M,8421.527242,16,3
M,7456.765631,18,1
M,8966.261949,16,0
M,7037.382948,19,0
M,8350.739694,17,0
M,7784.432379,16,0
M,8304.572534,18,0
M,9887.985476,17,0
M,8649.343451,17,1
M,8007.974721,16,0
M,8120.330069,16,0
M,8725.775468,18,0
M,8193.541041,16,0
M,7785.8206,17,0
M,8979.506031,18,0
M,8085.036229,17,1
M,8950.544689,17,0
M,8866.480878,19,1
M,8114.394987,17,1
M,7697.019169,18,0
M,8432.997943,16,0
M,8565.738419,16,0
M,9453.99649,19,0
M,8949.528815,18,0
M,8727.214618,19,0
M,8515.144117,17,1
M,8424.595285,18,0
M,7748.676921,16,0
M,9127.733761,17,0
M,8621.011408,18,0
M,8417.799738,18,0
M,8337.303308,16,0
M,9293.230862,18,0
M,7518.413122,16,0
M,8119.543752,17,0
M,8077.494297,19,0
M,8624.311672,19,3
M,8544.1278,19,0
M,8765.633204,17,0
M,8895.724001,18,2
M,10337.66171,17,0
M,6982.064307,17,0
M,7837.862681,18,2
M,8013.525906,16,2
M,9359.4304,17,0
M,8166.480563,18,0
M,7893.321443,16,0
M,9231.96681,19,1
M,9116.897988,17,0
M,8211.665013,18,0
M,9245.841175,17,0
M,7839.59943,17,0
M,9173.410002,18,0
M,9068.00203,19,0
M,7711.584127,19,0
M,8662.886989,17,0
M,7885.293304,19,0
M,9342.706331,16,3
M,8285.888432,17,0
M,7828.256166,19,0
M,7272.453364,17,0
M,8779.413916,19,3
M,8074.955704,18,0
M,8019.895363,17,2
M,8256.429616,17,1
M,8074.449087,19,0
M,7376.87289,18,0
M,8533.951815,19,1
M,8437.028003,16,0
M,8616.813491,16,0
M,9233.091741,17,1
M,8318.435228,18,0
M,8346.565254,17,0
M,8146.1058,17,0
M,8535.878867,16,0
M,7897.960265,18,2
M,9097.924851,19,0
M,9075.364881,17,0
M,8991.327287,16,0
M,8748.1335,18,0
M,8257.633914,16,0
M,7986.00598,18,0
M,7955.23783,18,0
M,8571.771084,16,0
M,8853.112202,16,0
M,7717.485225,18,0
M,8120.031814,17,0
M,9285.037014,16,0
M,9133.38746,19,0
M,8539.17329,19,2
M,8302.051115,17,0
M,6808.633352,17,0
M,9200.611105,17,1
M,8196.989087,18,0
M,8226.120708,17,0
M,8415.029903,19,0
M,8206.756715,17,0
M,9604.939724,17,2
M,8660.287118,17,2
M,8358.580851,17,0
M,9068.605989,18,2
M,8761.012329,19,0
M,9317.02115,17,0
M,8386.390367,16,0
M,7376.76774,16,1
M,8200.662909,17,1
M,7843.520513,17,0
M,6873.592925,18,0
M,8707.083931,18,0
M,8550.880833,18,0
M,8270.420907,19,0
M,9326.977201,18,0
M,8272.834499,17,0
M,9646.860311,16,2
M,8431.56067,19,0
M,7050.387561,18,0
M,8011.750955,17,0
M,8173.659244,17,0
M,9339.03523,16,2
M,7888.166473,18,0
M,8067.266429,18,0
M,9079.333894,16,0
M,8397.225163,18,2
M,8914.726369,19,0
M,8890.853511,18,2
M,8712.553746,16,0
M,8811.596352,19,0
M,8889.788404,18,0
M,8457.346419,19,1
M,7500.998613,17,1
M,8669.212043,16,0
M,8843.735129,17,0
M,8874.056647,17,0
M,8493.345952,16,1
M,7672.379824,16,0
M,8394.402302,18,0
M,8779.291931,19,0
M,8851.742969,17,0
M,8736.15774,18,0
M,7873.92781,18,3
M,8035.062962,18,0
M,9230.901235,18,1
M,9183.664422,17,0
M,8341.479281,19,0
M,8754.199841,16,1
M,8268.834433,18,2
M,8647.703624,16,2
M,7883.44373,16,0
M,8371.418827,19,2
M,7762.252218,17,0
M,7817.59366,17,2
M,8881.51789,16,0
M,8439.763512,19,0
M,8160.444146,17,0
M,6933.019465,19,0
M,8322.082315,17,1
M,8194.074686,19,1
M,8976.027524,16,0
M,8660.80335,19,1
M,8967.01915,19,0
M,9002.769437,19,3
M,8794.0876,16,0
M,8952.498574,18,0
M,8107.071545,17,0
M,8402.12942,18,0
M,9354.300848,19,0
M,8581.523797,18,2
M,8178.04202,19,0
M,8384.629911,17,2
M,7642.147189,17,0
M,7945.847136,16,1
M,8152.708433,16,0
M,8996.317715,18,2
M,9067.717417,18,0
M,8382.423925,17,1
M,8200.319819,18,0
M,9288.460144,17,0
M,8828.657488,18,0
M,8403.45202,18,0
M,8541.112528,18,0
M,8674.322293,18,0
M,8219.427359,16,0
M,9417.846722,16,0
M,9146.894973,18,0
M,9741.413501,17,2
M,8885.805626,18,0
M,8365.708159,17,1
M,9179.279373,19,0
M,9278.241059,16,0
M,9262.970736,19,3
M,8506.04901,18,0
M,8296.401822,18,1
M,8362.195218,17,0
M,9028.472678,18,3
M,8476.15066,16,0
M,7841.051759,16,1
M,8565.057976,18,0
M,8458.664536,17,0
M,8794.684726,18,0
M,8386.511376,17,0
M,8148.497337,19,0
M,7829.995483,19,0
M,7773.763163,16,0
M,8489.563553,17,1
M,8666.391334,18,2
M,8914.554105,19,0
M,9590.02149,19,3
M,8695.387873,17,0
M,8445.37022,19,0
M,8806.360518,18,0
M,8656.747084,17,1
M,8788.267101,16,1
M,7920.304291,16,2
M,8905.1878,19,0
M,8671.200849,16,0
M,8124.764274,19,0
M,8085.493948,17,2
M,7638.091714,16,0
M,8559.16618,17,1
M,7963.292451,19,0
M,9281.767505,17,1
M,9289.57284,18,0
M,9249.658927,18,3
M,9053.547344,19,0
M,8646.221525,16,0
M,8066.151615,16,0
M,8127.510508,16,0
M,8310.319138,18,2
M,8497.722616,18,2
M,8098.830657,19,0
M,7847.933517,16,1
M,8057.554063,19,0
M,8442.280624,17,0
M,8680.293407,18,0
M,7957.220478,17,0
M,8617.938045,19,0
M,8070.029585,19,0
M,6806.255955,18,1
M,8252.236855,18,0
M,8169.899499,17,1
M,8580.60244,19,2
M,8731.45934,19,1
M,8889.25699,18,0
M,9152.389166,19,0
M,8476.2131,18,2
M,8522.308702,19,1
M,9903.565303,19,3
M,8040.695296,19,1
M,8760.313924,16,0
M,8581.032909,17,2
M,8433.753594,16,0
M,8307.967274,17,0
M,9631.81131,16,0
M,7874.017479,18,1
M,9744.558467,17,0
M,8434.804059,17,0
M,8504.229679,18,0
M,8491.302366,19,1
M,8483.653483,16,0
M,8206.261401,17,0
M,8197.86462,19,0
M,9155.84286,18,1
M,8352.275999,17,2
M,8975.036358,18,0
M,8304.074262,16,1
M,8126.15193,18,2
M,7965.236674,16,1
M,7472.399781,17,0
M,8974.931706,19,0
M,7958.69473,16,0
M,8757.842756,16,0
M,8766.914667,16,0
M,9092.712143,17,0
M,9059.95841,16,0
M,7352.819483,18,1
M,8918.06354,19,0
M,8793.391559,19,2
M,8863.89736,18,1
M,8731.719751,17,0
M,8545.860072,17,1
M,7972.106058,19,0
M,8589.396789,17,0
M,8887.542521,19,0
M,8424.299206,19,1
M,8811.305917,18,0
M,8413.373972,17,0
M,8293.154861,18,0
M,8429.311871,18,0
M,9248.131904,16,2
M,8097.500984,19,0
M,8927.701196,17,0
M,8975.788118,16,2
M,8745.642151,17,0
M,8643.445486,16,0
M,8100.470976,18,0
M,8112.486606,19,2
M,8771.214317,17,0
M,9439.676299,19,0
M,8920.581882,17,0
M,8293.50323,17,0
M,8590.5383,19,0
M,8392.285019,19,0
M,8002.47767,18,1
M,7943.257235,19,0
M,8045.547128,16,0
M,8046.898328,16,2
M,8627.582627,16,0
M,9003.297659,17,1
M,8397.079189,16,3
M,7610.752826,17,0
M,9570.114346,18,0
M,8242.455204,18,0
M,8438.555203,17,0
M,8166.395549,19,0
M,8120.023412,18,3
M,7897.107853,17,3
M,8298.217686,17,0
M,8538.672985,18,0
M,8215.564485,17,0
M,8734.632831,18,1
M,8422.658166,19,0
M,10125.94776,19,0
M,8339.558901,19,0
M,8088.345757,16,0
M,8326.992644,18,0
M,8390.869905,18,3
M,8451.947361,18,0
M,9067.319716,17,0
M,8652.151952,16,1
M,8835.275052,16,0
M,7931.69453,19,1
M,7830.978111,18,0
M,8452.409325,19,1
M,8903.188386,19,0
M,7859.743124,16,0
M,9348.660976,16,1
M,8371.685626,16,0
M,8469.881078,16,0
M,9025.272976,16,0
M,8471.866771,19,0
M,9170.337312,17,0
M,8377.553734,16,0
M,9631.002359,19,1
M,9130.201111,17,0
M,7667.527826,19,1
M,8311.514282,19,0
M,8728.275683,19,1
M,8528.367567,19,0
M,8435.691157,17,0
M,8718.869316,17,0
M,8983.564184,18,0
M,8424.636207,18,1
M,9130.317916,18,0
M,9054.163131,17,0
M,9567.454628,19,1
M,8781.33114,17,1
M,8804.435015,18,0
M,7285.327868,16,1
M,7745.67136,17,3
M,9264.312565,17,1
M,8510.356458,19,3
M,7985.827531,19,0
M,7988.720119,19,0
M,7737.825242,18,2
M,8384.982556,18,0
M,8566.651398,18,0
M,10013.50577,18,0
M,8742.05279,18,1
M,8237.33896,19,1
M,8412.115937,18,2
M,8408.995501,16,0
M,7943.318001,16,0
M,8762.108695,17,0
M,9720.559974,18,1
M,8766.509165,18,0
M,8532.213529,16,0
M,9459.542396,18,0
M,8438.219365,18,0
M,9387.186161,19,0
M,9058.267325,18,1
M,7640.13055,17,0
M,9548.375475,19,0
M,7259.255704,16,0
M,9406.37056,19,1
M,8554.345955,18,0
M,8602.597623,17,0
M,8736.127308,17,0
M,8991.82482,17,0
M,8310.977089,16,2
M,8144.864169,16,0
M,8321.541275,16,0
M,7892.552283,18,2
M,8747.593488,19,0
M,8151.169944,16,0
M,8846.688633,19,1
M,7680.800212,17,0
M,8545.45892,19,0
M,9151.866546,19,2
M,8273.502792,17,1
M,9061.114552,19,2
M,9943.232031,18,2
M,7763.884858,16,0
M,7547.298903,18,0
M,8665.685734,19,2
M,8985.781014,17,0
M,10395.44502,18,0
M,8072.87255,17,0
M,8142.640578,16,0
M,8611.770982,19,0
M,9135.710704,16,0
M,8897.912411,17,0
M,9177.331767,17,0
M,8112.822723,16,2
M,7308.320454,17,0
M,8173.35423,16,2
M,8296.406835,17,0
M,8164.321272,19,2
M,8482.988704,16,2
M,7804.007445,16,0
M,7669.339689,17,0
M,8973.99935,17,1
M,8508.145477,18,2
M,7210.465968,17,3
M,8215.839872,18,0
M,9841.755752,18,0
M,9018.405568,17,0
M,8364.034896,16,1
M,8250.103998,19,0
M,8990.084881,19,1
M,8133.608727,18,0
M,8937.849965,17,0
M,8537.987961,18,0
M,8659.603134,19,0
M,8413.052406,18,0
M,8410.711287,18,0
M,8950.99597,18,0
M,8551.359259,18,1
M,8837.628445,18,0
M,7471.848073,18,1
M,9096.779119,16,0
M,7542.297619,18,0
M,8136.460496,19,0
M,8236.701183,16,0
M,7847.08844,18,1
M,8322.866102,16,0
M,8170.24898,16,0
M,8007.028619,16,2
M,8990.528313,16,0
M,9233.832372,19,0
M,8202.138995,18,0
M,8986.976919,16,0
M,8136.296722,18,2
M,7845.244049,19,3
M,7738.659713,16,0
M,8740.456985,16,0
M,8494.436147,18,0
M,7706.710959,18,0
M,8876.528557,16,0
M,8810.52332,19,0
M,9065.827404,19,0
M,8739.491068,16,0
M,8848.927764,17,0
M,9462.427142,17,1
M,8433.591258,19,0
M,8638.561966,16,0
M,8292.306395,19,0
M,8413.817621,19,0
M,8154.071137,17,2
M,8825.642104,18,0
M,8433.245292,19,0
M,7388.026755,17,0
M,9685.595785,16,0
M,9193.898755,16,0
M,9299.752393,16,0
M,9032.883087,16,2
M,8097.087745,16,0
M,9319.160676,16,0
M,8711.961171,19,0
M,7970.489294,18,0
M,8929.131334,19,0
M,7974.236954,17,0
M,8166.325683,17,0
M,8682.900742,19,0
M,9014.118174,18,1
M,8365.418879,18,0
M,8803.761607,19,0
M,8037.678491,19,1
M,7970.30248,18,1
M,7894.601021,18,1
M,8182.485963,17,0
M,8114.718462,18,0
M,8003.034122,19,2
M,8173.758297,18,0
M,7172.604179,19,0
M,8761.227255,17,3
M,8422.128726,19,0
M,8634.921211,16,2
M,8211.205246,16,0
M,9740.485245,17,0
M,7285.902449,17,0
M,8856.253219,18,0
M,9392.861885,19,1
M,8533.526953,17,0
M,9780.61159,16,0
M,8104.133837,17,0
M,8874.731473,19,0
M,8083.694628,16,0
M,8385.660685,17,2
M,7573.110889,16,0
M,8392.607815,19,0
M,8317.128823,18,2
M,7708.076478,18,1
M,7891.634168,16,0
M,7786.792075,19,0
M,8605.088247,17,0
M,8219.730157,17,0
M,8887.734341,16,1
M,8797.851836,19,0
M,8298.54207,16,0
M,8788.437524,16,0
M,9039.09816,17,1
M,9678.185755,17,0
M,8264.220124,16,0
M,8752.975213,19,0
M,8298.653715,19,1
M,7581.749439,19,2
M,8170.494029,18,1
M,8543.675903,16,3
M,9330.903546,18,0
M,8395.70782,16,0
M,8708.548068,19,0
M,8400.765114,16,0
M,8181.263227,17,0
M,8072.822041,17,0
M,8480.858156,16,0
M,9702.811051,18,3
M,9032.441725,16,0
M,8632.937251,16,1
M,9368.267825,16,3
M,8265.353032,17,0
M,8794.782305,16,0
M,8388.937842,17,0
M,7883.661766,17,0
M,8876.262692,16,2
M,8882.780374,18,1
M,7925.275644,16,2
M,7245.633773,18,0
M,9136.362641,18,0
M,8459.80836,19,2
M,8982.842774,16,0
M,8989.894479,16,2
M,8215.298863,18,0
M,8614.564026,19,0
M,8601.302464,16,0
M,8294.181937,18,0
M,7935.651226,17,0
M,9021.898775,16,1
M,8890.40795,18,0
M,8903.436763,16,0
M,7818.618187,17,0
M,8409.248911,19,0
M,9555.040281,19,0
M,7738.115665,16,0
M,7614.584692,19,0
M,8472.388153,16,0
M,8673.58603,17,1
M,7793.038081,16,0
M,8560.440626,19,0
M,7975.188608,19,0
M,8777.25985,19,1
M,9154.515398,17,0
M,7047.162939,17,0
M,7683.591422,19,0
M,9015.393031,16,1
M,9000.769152,18,0
M,7969.870234,17,0
M,9652.788918,19,0
M,8067.732792,19,0
M,8987.398407,17,1
M,8666.75808,18,0
M,8228.805303,18,0
M,9852.938992,17,0
M,8921.811501,17,0
M,8054.455153,17,0
M,7297.270882,16,0
M,8972.161455,19,2
M,7958.047768,18,0
M,9478.578431,19,0
M,9059.584144,18,1
M,8912.326268,19,0
M,9780.247856,17,0
M,8605.305527,19,1
M,8062.510923,16,0
M,8644.977631,17,0
M,8599.542878,19,0
M,8240.294911,16,0
M,9347.931215,16,2
M,8868.219007,17,1
M,9506.022548,18,0
M,8585.888457,16,2
M,8805.354336,17,0
M,9054.27297,16,0
M,8273.156435,18,0
M,7737.247542,19,0
M,9179.513374,19,0
M,8336.300378,16,0
M,9215.156375,16,1
M,8971.431115,19,0
M,9107.680585,17,1
M,8102.126063,16,0
M,8871.732967,19,0
M,8856.84433,19,0
M,8622.259642,16,0
M,8261.639014,16,0
M,9757.457766,17,0
M,8688.352823,18,0
M,8465.440156,16,0
M,7687.311051,19,0
M,7636.310451,17,1
M,8270.068101,17,0
M,8175.155426,17,0
M,8313.962899,17,0
M,8625.549196,18,1
M,7922.715319,17,0
M,8413.277038,16,0
M,8021.452485,18,0
M,7822.38508,19,1
M,8036.334967,17,0
M,8890.591547,17,0
M,8453.985703,16,1
M,8036.666425,17,1
M,8953.082073,18,0
M,7733.452714,19,0
M,8882.399592,17,0
M,8413.195609,17,0
M,8282.117128,17,0
M,8742.76809,18,0
M,7967.398144,19,0
M,8501.475164,16,3
M,8396.225854,19,0
M,7986.998814,18,2
M,9158.064009,16,0
M,8018.371834,16,0
M,8566.02603,19,0
M,8965.622825,18,0
M,9292.257471,19,0
M,8900.179512,19,0
M,9174.615867,17,0
M,8903.278141,17,0
M,8508.031394,19,1
M,8160.920272,16,0
M,8159.698765,18,3
M,8623.166927,17,0
M,8188.675337,18,2
M,8448.302805,18,0
M,9355.359363,18,2
M,8014.50498,18,0
M,9085.866927,17,0
M,8165.33553,19,0
M,8019.54269,16,1
M,8534.755776,19,0
M,7546.240051,19,0
M,9149.494325,18,0
M,9142.892941,17,0
M,9656.739002,16,0
M,7979.951888,19,1
M,7797.559963,17,0
M,8182.424238,16,0
M,9237.811167,19,0
M,9309.66953,19,0
M,8777.825325,18,1
M,8958.124812,16,0
M,8567.531488,17,1
M,9610.590516,17,0
M,8538.94469,19,2
M,8621.615603,16,0
M,8692.464222,16,0
M,7550.763099,16,0
M,8275.827407,18,0
M,9677.296278,17,0
M,8138.345334,16,0
M,8315.932117,19,3
M,8583.089154,16,0
M,8234.904736,17,0
M,8469.006882,18,0
M,8270.591757,17,0
M,8289.095347,19,0
M,8905.877433,17,0
M,8635.534907,19,3
M,8510.466172,17,0
M,9068.998875,17,1
M,7381.900531,18,2
M,8104.481333,19,0
M,7881.763384,19,0
M,9635.465629,17,1
M,8581.624207,17,0
M,9092.1062,16,0
M,8497.430855,19,0
M,8477.988934,18,1
M,8047.533388,19,1
M,8291.236174,16,0
M,7876.926592,16,0
M,9275.011586,19,1
M,8206.798696,17,1
M,7849.698544,19,0
M,8603.53254,17,1
M,8004.043839,19,0
M,8265.185656,16,0
M,8106.437646,17,1
M,8192.252398,17,0
M,8033.540696,18,1
M,8151.157147,19,0
M,8592.96742,16,0
M,8753.849133,19,2
M,8027.849024,18,0
M,8636.875537,19,0
M,8893.229367,16,0
M,8408.688848,19,0
M,8173.270701,18,0
M,7878.079738,18,3
M,8468.499507,17,1
M,8055.83427,16,0
M,7996.585622,18,0
M,9150.997466,18,0
M,8204.011259,17,0
M,7591.955716,19,3
M,8413.345652,17,2
M,8405.5823,19,2
M,8390.79202,19,0
M,7735.365651,16,2
M,8725.934722,16,0
M,9282.865704,17,0
M,8472.559506,16,0
M,9251.805228,16,0
M,8651.102394,19,0
M,8951.166914,17,0
M,7832.212041,16,0
M,8707.71717,18,0
M,8295.543536,18,0
M,8593.498741,18,0
M,9034.401,19,0
M,7793.292139,18,1
M,8311.398888,19,0
M,8484.386517,16,0
M,8209.977022,16,0
M,7898.192218,19,0
M,7167.556457,18,0
M,8021.358402,17,0
M,8586.5243,17,0
M,9134.027073,18,0
M,8301.674552,16,1
M,7442.864973,17,0
M,8126.059285,18,0
M,9668.591563,17,0
M,9331.99587,16,1
M,7858.748032,16,0
M,8962.262841,17,0
M,8718.92716,19,0
M,7889.14493,18,0
M,8672.840473,16,0
M,6989.698883,16,1
M,10077.17616,16,1
M,8933.333476,16,1
M,8048.086673,16,0
M,8944.61252,16,0
M,8208.922137,17,0
M,8709.380478,17,1
M,9132.40052,19,0
M,9253.807234,17,0
M,7640.186212,19,0
M,8567.072272,18,0
M,8841.86413,17,1
M,7013.687772,17,0
M,9014.552626,16,0
M,8682.392274,17,0
M,8483.690868,19,0
M,8466.949321,17,0
M,9511.839018,16,0
M,8770.974736,16,0
M,8068.342019,18,0
M,8755.52665,19,0
M,7987.609936,19,0
M,8672.821793,17,0
M,8788.903968,18,0
M,8283.281949,18,0
M,7358.69148,16,2
M,8394.422952,18,0
M,8520.580568,18,0
M,8528.183984,18,0
M,8518.466241,16,0
M,8814.330995,18,1
M,8317.024619,16,0
M,7273.95648,19,0
M,7840.9914,16,2
M,8454.451688,17,0
M,9361.830653,18,0
M,9133.23695,17,0
M,8584.356297,18,0
M,8493.728976,18,0
M,8236.492845,17,1
M,8295.187731,18,0
M,7914.185527,19,1
M,9226.754571,19,0
M,7545.347553,18,0
M,9173.772814,17,0
M,8474.799214,18,1
M,8588.863099,18,1
M,8503.578378,18,0
M,8811.104954,18,0
M,8392.646131,18,0
M,7719.567937,18,0
M,7968.368545,19,0
M,9448.255034,17,1
M,8263.889362,16,0
M,8899.380329,19,0
M,8230.936727,17,2
M,8289.641882,19,0
M,8616.735195,18,2
M,7596.588888,17,0
M,7833.838815,18,2
M,8433.76808,17,1
M,8047.929523,18,1
M,7285.647012,18,1
M,8579.702457,18,0
M,7868.067827,16,0